Workbook

Sheet Publicaciones
A1: Informe de redes · Tierra Nuestra · Noviembre 2026
A2: Rellena los números de cada publicación (Instagram → publicación → Ver estadísticas). La columna Interacción % se calcula sola.
A4: Fecha | B4: Pieza | C4: Tipo | D4: Público | E4: Alcance | F4: Me gusta | G4: Comentarios | H4: Guardados | I4: Compartidos | J4: Mensajes recibidos | K4: Interacción % | L4: Notas
A5: 2026-11-02 | B5: 01_lun_horeca_carta | C5: Carrusel | D5: Horeca | K5: =IF(E5>0,(F5+G5+H5+I5)/E5,"")
A6: 2026-11-03 | B6: 02_mar_story_horeca | C6: Historia | D6: Horeca | K6: =IF(E6>0,(F6+G6+H6+I6)/E6,"")
A7: 2026-11-04 | B7: 03_mie_vino_barredero | C7: Post | D7: Tienda | K7: =IF(E7>0,(F7+G7+H7+I7)/E7,"")
A8: 2026-11-04 | B8: 04_mie_story_barredero | C8: Historia | D8: Tienda | K8: =IF(E8>0,(F8+G8+H8+I8)/E8,"")
A9: 2026-11-05 | B9: 05_jue_navidad_empresas | C9: Post | D9: Horeca | K9: =IF(E9>0,(F9+G9+H9+I9)/E9,"")
A10: 2026-11-05 | B10: 06_jue_story_encuesta | C10: Historia | D10: Tienda | K10: =IF(E10>0,(F10+G10+H10+I10)/E10,"")
A11: 2026-11-06 | B11: 07_vie_iberico_trio | C11: Post | D11: Tienda | K11: =IF(E11>0,(F11+G11+H11+I11)/E11,"")
A12: 2026-11-07 | B12: 08_sab_story_club | C12: Historia | D12: Tienda | K12: =IF(E12>0,(F12+G12+H12+I12)/E12,"")
A13: 2026-11-08 | B13: 09_dom_enoturismo | C13: Post | D13: Tienda | K13: =IF(E13>0,(F13+G13+H13+I13)/E13,"")
K14: =IF(E14>0,(F14+G14+H14+I14)/E14,"")
K15: =IF(E15>0,(F15+G15+H15+I15)/E15,"")
K16: =IF(E16>0,(F16+G16+H16+I16)/E16,"")
K17: =IF(E17>0,(F17+G17+H17+I17)/E17,"")
K18: =IF(E18>0,(F18+G18+H18+I18)/E18,"")
K19: =IF(E19>0,(F19+G19+H19+I19)/E19,"")
K20: =IF(E20>0,(F20+G20+H20+I20)/E20,"")
K21: =IF(E21>0,(F21+G21+H21+I21)/E21,"")

Sheet Resumen
A1: Resumen del mes
A3: Total alcance | B3: =SUM(Publicaciones!E5:E21)
A4: Interacción media | B4: =IFERROR(AVERAGE(Publicaciones!K5:K21),"")
A5: Mejor publicación (más interacción) | B5: =IFERROR(INDEX(Publicaciones!B5:B21,MATCH(MAX(Publicaciones!K5:K21),Publicaciones!K5:K21,0)),"")
A6: Mensajes recibidos | B6: =SUM(Publicaciones!J5:J21)
A7: Interacción media Horeca | B7: =IFERROR(AVERAGEIF(Publicaciones!D5:D21,"Horeca",Publicaciones!K5:K21),"")
A8: Interacción media Tienda | B8: =IFERROR(AVERAGEIF(Publicaciones!D5:D21,"Tienda",Publicaciones!K5:K21),"")
A9: Seguidores al empezar el mes
A10: Seguidores al acabar el mes
A11: Seguidores ganados | B11: =IF(AND(B9<>"",B10<>""),B10-B9,"")
A13: Qué mirar: lo que más se guarda y comparte es lo que más gusta. Lo que trae mensajes es lo que más vende. Repetimos lo que funcione.

Sheet Anuncios
A1: Anuncio | B1: Días | C1: Gasto € | D1: Alcance | E1: Clics / mensajes | F1: Coste por mensaje € | G1: Notas
A2: Regalos de empresa Navidad | F2: =IF(E2>0,C2/E2,"")
A3: Vino de la semana (tienda) | F3: =IF(E3>0,C3/E3,"")
A4: Cartas de vinos para hostelería | F4: =IF(E4>0,C4/E4,"")
